<keymap version="1" name="Pivotal IntelliJ" parent="Pivotal Common">
  <action id="$LRU">
    <keyboard-shortcut first-keystroke="ctrl meta alt o" />
  </action>
  <action id="ActivateFindToolWindow" />
  <action id="ActivateGradleToolWindow">
    <keyboard-shortcut first-keystroke="ctrl meta alt g" />
  </action>
  <action id="ActivateTerminalToolWindow">
    <keyboard-shortcut first-keystroke="alt f12" />
    <keyboard-shortcut first-keystroke="meta 3" />
  </action>
  <action id="Editor LRU">
    <keyboard-shortcut first-keystroke="ctrl meta alt o" />
  </action>
  <action id="FileChooser.GotoModule" />
  <action id="org.jetbrains.plugins.ruby.tasks.rake.actions.RakeTasksPopupAction">
    <keyboard-shortcut first-keystroke="alt r" />
  </action>
</keymap>